TrainRMSE,TrainRsquared,TrainMAE,method,test_rmse,oob_error
12.11337743570499,0.22691953509006516,10.028052207755664,ranger,11.495204223028773,157.64880115351423
