training_accuracy,oob_error,testing_accuracy
0.75,0.17882384684458574,0.625
0.7016666666666667,0.19337685175377867,0.6875
0.73,0.18728040703148224,0.625
0.6983333333333334,0.19167463995225106,0.5
0.7516666666666667,0.1931603505270869,0.6875
0.6916666666666667,0.21496855638769183,0.625
0.7016666666666667,0.2081585576666139,0.625
0.8216666666666667,0.16853904119430518,0.625
0.7216666666666667,0.20597925742195158,0.625
0.6966666666666667,0.19533076634096108,0.6875
