training_accuracy,oob_error,testing_accuracy
0.6557142857142857,0.24206871823269635,0.72
0.7223809523809523,0.1990648888004231,0.56
0.7080952380952381,0.24003225959880503,0.68
0.6880952380952381,0.21064945421438022,0.6
0.7080952380952381,0.22630872548836478,0.76
0.6347619047619047,0.2237296694308775,0.6
0.7280952380952381,0.22124396839249705,0.72
0.6880952380952381,0.19846402804122837,0.64
0.7433333333333333,0.19789366406356934,0.72
0.6233333333333333,0.22437809973041367,0.72
