training_accuracy,oob_error,testing_accuracy
0.7083333333333334,0.18743176111729873,0.6
0.7283333333333334,0.18724626237480455,0.6
0.6716666666666666,0.19351568175258577,0.7
0.6833333333333333,0.20393510451596802,0.8
0.6683333333333333,0.2153404275500053,0.8
0.71,0.21228735276041674,0.5
0.69,0.21370677017901088,0.8
0.7766666666666666,0.17669990515978365,0.6
0.7066666666666667,0.21984625307676472,0.7
0.75,0.17878266025175482,0.6
