training_accuracy,oob_error,testing_accuracy
0.6803571428571429,0.20322326198192667,0.6875
0.6833333333333333,0.22071658250289036,0.625
0.6982142857142857,0.21127774817815334,0.6875
0.7315476190476191,0.18552013520771768,0.5625
0.6648809523809524,0.2093143217954839,0.6875
0.736904761904762,0.19488253302316721,0.5
0.6523809523809524,0.2221172701388598,0.5625
0.6410714285714285,0.24103967953007088,0.8125
0.6357142857142857,0.2193569884222366,0.8125
0.7119047619047619,0.21363670276730282,0.6875
