TrainRMSE,TrainRsquared,OOBerror,TestRMSE,TestRsquared
12.808862680893563,0.351786776535689,12.959163997844906,9.13686035290082,0.44859384376473055
11.494285355919402,0.4310783723395216,12.007712953219697,12.454288000890932,0.211526049228752
10.63507250555709,0.4436675085090803,11.176558239793064,13.49677086480516,0.06352696590483667
12.24982328010905,0.2814795928799708,12.437232430198133,11.677571132578175,0.3405924081625804
9.382276280670975,0.5469691431124306,10.253575093633128,16.080345119974265,2.6269604202658444e-5
