TrainRMSE,TrainRsquared,OOBerror,TestRMSE,TestRsquared
11.667603745478447,0.2732431730412698,12.295772557479921,11.19417642716222,0.6122828982932125
11.69478299765084,0.39800636840262404,12.133181622789559,11.379396924910834,0.32395603618695407
11.254115515438654,0.4294907449091521,11.777559318883753,11.91260767994228,0.17300756978643192
11.152924622865193,0.3635753621503204,11.602621277110458,12.248253068953035,0.1685070607786519
11.517506524325764,0.34116815188746485,12.063959551488226,11.820755351093652,0.3850166298645855
