feature_set,tt_split,tr_rmse_m,tr_rmse_sd,tr_r2_m,tr_r2_sd,oob_m,oob_sd,te_rmse_m,te_rmse_sd,te_r2_m,te_r2_sd
10_angstrom,0.7,11.450561506,0.6826531083782609,0.3987644416,0.041140727501279464,12.018412188,0.6045209113390506,12.3110153945,1.6739727666040058,0.2046870713,0.16928810530519067
10_angstrom,0.8,11.46738213,0.38414849130093826,0.3774038677,0.06372133214255492,11.912245661,0.31538628892783327,11.874204142,0.8571136949173938,0.26183199420000003,0.21644260136479396
12_angstrom,0.7,11.541745928,0.8171048785483741,0.379276125,0.05321373632117818,12.161543943,0.7491372280033208,12.5385273884,1.9090724629039262,0.1871245493,0.17725332436311386
12_angstrom,0.8,11.614745925,0.4101578965589433,0.3599501445,0.0701020392293824,12.168317206000001,0.302611406753973,12.207042842,1.0771268656169382,0.2346120039,0.19971051723633523
8_angstrom,0.7,11.693370042,0.7054466830006767,0.3938638995,0.05565580145252358,12.160620831,0.6501953891458828,12.451015714,1.6439467621454813,0.1849126491,0.14366898542549578
8_angstrom,0.8,11.706439603,0.33826293197488416,0.3657405565,0.07199452530533453,12.267492877,0.30728120677580967,12.434543047,1.0408610745458218,0.2141771579,0.21665858961248538
channelAB,0.7,11.3916799471,0.9278641242514515,0.3916938129,0.07458967244965405,11.967329428,0.8495761266391962,12.2850390263,1.7824480728787997,0.1986188843,0.13275649803656916
channelAB,0.8,11.383980344,0.36656229053489664,0.3736367671,0.04874915930742512,11.837370775,0.3656986022196224,11.858210674,0.8699617634735439,0.2641847089,0.1976620415335968
